row_order,section,label_level,label,total_estimate,total_margin_of_error,total_percent_estimate,total_percent_margin_of_error,male_estimate,male_margin_of_error,male_percent_estimate,male_percent_margin_of_error,female_estimate,female_margin_of_error,female_percent_estimate,female_percent_margin_of_error,source_file
2,AGE BY EDUCATIONAL ATTAINMENT,1,Population 18 to 24 years,31270959,48363,,,16005442,29069,,,15265517,26562,,,ACSST1Y2024.S1501-2026-03-07T044644.csv
3,AGE BY EDUCATIONAL ATTAINMENT,2,Less than high school graduate,3632499,40085,11.6,0.1,2125547,28119,13.3,0.2,1506952,25140,9.9,0.2,ACSST1Y2024.S1501-2026-03-07T044644.csv
4,AGE BY EDUCATIONAL ATTAINMENT,2,High school graduate (includes equivalency),11667747,56186,37.3,0.2,6495842,40053,40.6,0.3,5171905,36851,33.9,0.2,ACSST1Y2024.S1501-2026-03-07T044644.csv
5,AGE BY EDUCATIONAL ATTAINMENT,2,Some college or associate's degree,11683751,64854,37.4,0.2,5577018,42939,34.8,0.2,6106733,43759,40.0,0.3,ACSST1Y2024.S1501-2026-03-07T044644.csv
6,AGE BY EDUCATIONAL ATTAINMENT,2,Bachelor's degree or higher,4286962,47528,13.7,0.2,1807035,26655,11.3,0.2,2479927,33373,16.2,0.2,ACSST1Y2024.S1501-2026-03-07T044644.csv
7,AGE BY EDUCATIONAL ATTAINMENT,1,Population 25 years and over,235910719,69861,,,114933273,40292,,,120977446,38971,,,ACSST1Y2024.S1501-2026-03-07T044644.csv
8,AGE BY EDUCATIONAL ATTAINMENT,2,Less than 9th grade,10908872,89392,4.6,0.1,5569008,55910,4.8,0.1,5339864,50534,4.4,0.1,ACSST1Y2024.S1501-2026-03-07T044644.csv
9,AGE BY EDUCATIONAL ATTAINMENT,2,"9th to 12th grade, no diploma",12868166,98665,5.5,0.1,6945221,61860,6.0,0.1,5922945,52918,4.9,0.1,ACSST1Y2024.S1501-2026-03-07T044644.csv
10,AGE BY EDUCATIONAL ATTAINMENT,2,High school graduate (includes equivalency),60698932,181262,25.7,0.1,31431978,110426,27.3,0.1,29266954,104126,24.2,0.1,ACSST1Y2024.S1501-2026-03-07T044644.csv
11,AGE BY EDUCATIONAL ATTAINMENT,2,"Some college, no degree",43653533,119821,18.5,0.1,21257595,77689,18.5,0.1,22395938,81871,18.5,0.1,ACSST1Y2024.S1501-2026-03-07T044644.csv
12,AGE BY EDUCATIONAL ATTAINMENT,2,Associate's degree,20848519,84517,8.8,0.1,9098184,57809,7.9,0.1,11750335,57702,9.7,0.1,ACSST1Y2024.S1501-2026-03-07T044644.csv
13,AGE BY EDUCATIONAL ATTAINMENT,2,Bachelor's degree,52233014,177628,22.1,0.1,24774707,108254,21.6,0.1,27458307,100869,22.7,0.1,ACSST1Y2024.S1501-2026-03-07T044644.csv
14,AGE BY EDUCATIONAL ATTAINMENT,2,Graduate or professional degree,34699683,155048,14.7,0.1,15856580,80171,13.8,0.1,18843103,94413,15.6,0.1,ACSST1Y2024.S1501-2026-03-07T044644.csv
15,AGE BY EDUCATIONAL ATTAINMENT,2,High school graduate or higher,212133681,205306,89.9,0.1,102419044,117839,89.1,0.1,109714637,104591,90.7,0.1,ACSST1Y2024.S1501-2026-03-07T044644.csv
16,AGE BY EDUCATIONAL ATTAINMENT,2,Bachelor's degree or higher,86932697,300131,36.8,0.1,40631287,154486,35.4,0.1,46301410,166716,38.3,0.1,ACSST1Y2024.S1501-2026-03-07T044644.csv
17,AGE BY EDUCATIONAL ATTAINMENT,1,Population 25 to 34 years,46198405,43885,,,23360181,27337,,,22838224,26766,,,ACSST1Y2024.S1501-2026-03-07T044644.csv
18,AGE BY EDUCATIONAL ATTAINMENT,2,High school graduate or higher,42961248,63415,93.0,0.1,21445766,43163,91.8,0.1,21515482,34666,94.2,0.1,ACSST1Y2024.S1501-2026-03-07T044644.csv
19,AGE BY EDUCATIONAL ATTAINMENT,2,Bachelor's degree or higher,18890264,101736,40.9,0.2,8438976,57606,36.1,0.2,10451288,60042,45.8,0.2,ACSST1Y2024.S1501-2026-03-07T044644.csv
20,AGE BY EDUCATIONAL ATTAINMENT,1,Population 35 to 44 years,45956885,36741,,,23163454,24666,,,22793431,25514,,,ACSST1Y2024.S1501-2026-03-07T044644.csv
21,AGE BY EDUCATIONAL ATTAINMENT,2,High school graduate or higher,41636291,56038,90.6,0.1,20691696,35092,89.3,0.1,20944595,34301,91.9,0.1,ACSST1Y2024.S1501-2026-03-07T044644.csv
22,AGE BY EDUCATIONAL ATTAINMENT,2,Bachelor's degree or higher,19135205,94857,41.6,0.2,8732780,51814,37.7,0.2,10402425,57574,45.6,0.2,ACSST1Y2024.S1501-2026-03-07T044644.csv
23,AGE BY EDUCATIONAL ATTAINMENT,1,Population 45 to 64 years,82510146,37170,,,40726327,25564,,,41783819,27195,,,ACSST1Y2024.S1501-2026-03-07T044644.csv
24,AGE BY EDUCATIONAL ATTAINMENT,2,High school graduate or higher,73389187,83137,88.9,0.1,35765766,51174,87.8,0.1,37623421,50468,90.0,0.1,ACSST1Y2024.S1501-2026-03-07T044644.csv
25,AGE BY EDUCATIONAL ATTAINMENT,2,Bachelor's degree or higher,29493477,120945,35.7,0.1,13778404,67514,33.8,0.2,15715073,71075,37.6,0.2,ACSST1Y2024.S1501-2026-03-07T044644.csv
26,AGE BY EDUCATIONAL ATTAINMENT,1,Population 65 years and over,61245283,24867,,,27683311,15483,,,33561972,16234,,,ACSST1Y2024.S1501-2026-03-07T044644.csv
27,AGE BY EDUCATIONAL ATTAINMENT,2,High school graduate or higher,54146955,65018,88.4,0.1,24515816,37726,88.6,0.1,29631139,39792,88.3,0.1,ACSST1Y2024.S1501-2026-03-07T044644.csv
28,AGE BY EDUCATIONAL ATTAINMENT,2,Bachelor's degree or higher,19413751,72652,31.7,0.1,9681127,46776,35.0,0.2,9732624,40643,29.0,0.1,ACSST1Y2024.S1501-2026-03-07T044644.csv
30,RACE AND HISPANIC OR LATINO ORIGIN BY EDUCATIONAL ATTAINMENT,1,White alone,148795869,80167,,,72831329,46546,,,75964540,44482,,,ACSST1Y2024.S1501-2026-03-07T044644.csv
31,RACE AND HISPANIC OR LATINO ORIGIN BY EDUCATIONAL ATTAINMENT,2,High school graduate or higher,139868350,125569,94.0,0.1,68020177,76203,93.4,0.1,71848173,63213,94.6,0.1,ACSST1Y2024.S1501-2026-03-07T044644.csv
32,RACE AND HISPANIC OR LATINO ORIGIN BY EDUCATIONAL ATTAINMENT,2,Bachelor's degree or higher,59678456,201201,40.1,0.1,28421459,108828,39.0,0.1,31256997,109960,41.1,0.1,ACSST1Y2024.S1501-2026-03-07T044644.csv
33,RACE AND HISPANIC OR LATINO ORIGIN BY EDUCATIONAL ATTAINMENT,1,"White alone, not Hispanic or Latino",142228745,37869,,,69678728,23824,,,72550017,22759,,,ACSST1Y2024.S1501-2026-03-07T044644.csv
34,RACE AND HISPANIC OR LATINO ORIGIN BY EDUCATIONAL ATTAINMENT,2,High school graduate or higher,134492121,87034,94.6,0.1,65486705,54767,94.0,0.1,69005416,48504,95.1,0.1,ACSST1Y2024.S1501-2026-03-07T044644.csv
35,RACE AND HISPANIC OR LATINO ORIGIN BY EDUCATIONAL ATTAINMENT,2,Bachelor's degree or higher,57973323,184036,40.8,0.1,27677641,101394,39.7,0.1,30295682,100170,41.8,0.1,ACSST1Y2024.S1501-2026-03-07T044644.csv
36,RACE AND HISPANIC OR LATINO ORIGIN BY EDUCATIONAL ATTAINMENT,1,Black alone,27467563,50641,,,12767641,33772,,,14699922,33880,,,ACSST1Y2024.S1501-2026-03-07T044644.csv
37,RACE AND HISPANIC OR LATINO ORIGIN BY EDUCATIONAL ATTAINMENT,2,High school graduate or higher,24455640,64010,89.0,0.2,11201168,40198,87.7,0.2,13254472,40726,90.2,0.2,ACSST1Y2024.S1501-2026-03-07T044644.csv
38,RACE AND HISPANIC OR LATINO ORIGIN BY EDUCATIONAL ATTAINMENT,2,Bachelor's degree or higher,7390225,59940,26.9,0.2,3001504,38085,23.5,0.3,4388721,41070,29.9,0.3,ACSST1Y2024.S1501-2026-03-07T044644.csv
39,RACE AND HISPANIC OR LATINO ORIGIN BY EDUCATIONAL ATTAINMENT,1,American Indian or Alaska Native alone,2209346,32801,,,1118276,21845,,,1091070,17749,,,ACSST1Y2024.S1501-2026-03-07T044644.csv
40,RACE AND HISPANIC OR LATINO ORIGIN BY EDUCATIONAL ATTAINMENT,2,High school graduate or higher,1735071,26446,78.5,0.5,855910,18804,76.5,0.8,879161,14426,80.6,0.6,ACSST1Y2024.S1501-2026-03-07T044644.csv
41,RACE AND HISPANIC OR LATINO ORIGIN BY EDUCATIONAL ATTAINMENT,2,Bachelor's degree or higher,379326,11419,17.2,0.4,164563,7164,14.7,0.6,214763,8624,19.7,0.7,ACSST1Y2024.S1501-2026-03-07T044644.csv
42,RACE AND HISPANIC OR LATINO ORIGIN BY EDUCATIONAL ATTAINMENT,1,Asian alone,15537909,28592,,,7258718,18163,,,8279191,19840,,,ACSST1Y2024.S1501-2026-03-07T044644.csv
43,RACE AND HISPANIC OR LATINO ORIGIN BY EDUCATIONAL ATTAINMENT,2,High school graduate or higher,13825688,36073,89.0,0.2,6541719,21756,90.1,0.2,7283969,25470,88.0,0.2,ACSST1Y2024.S1501-2026-03-07T044644.csv
44,RACE AND HISPANIC OR LATINO ORIGIN BY EDUCATIONAL ATTAINMENT,2,Bachelor's degree or higher,9175707,47558,59.1,0.3,4387911,28896,60.5,0.4,4787796,30653,57.8,0.3,ACSST1Y2024.S1501-2026-03-07T044644.csv
45,RACE AND HISPANIC OR LATINO ORIGIN BY EDUCATIONAL ATTAINMENT,1,Native Hawaiian and Other Pacific Islander alone,420192,10625,,,205115,7053,,,215077,6461,,,ACSST1Y2024.S1501-2026-03-07T044644.csv
46,RACE AND HISPANIC OR LATINO ORIGIN BY EDUCATIONAL ATTAINMENT,2,High school graduate or higher,366955,10101,87.3,1.1,179942,6765,87.7,1.4,187013,6444,87.0,1.5,ACSST1Y2024.S1501-2026-03-07T044644.csv
47,RACE AND HISPANIC OR LATINO ORIGIN BY EDUCATIONAL ATTAINMENT,2,Bachelor's degree or higher,81351,5764,19.4,1.3,33979,3327,16.6,1.7,47372,4296,22.0,1.9,ACSST1Y2024.S1501-2026-03-07T044644.csv
48,RACE AND HISPANIC OR LATINO ORIGIN BY EDUCATIONAL ATTAINMENT,1,Some other race alone,15738983,86661,,,8044335,47815,,,7694648,50685,,,ACSST1Y2024.S1501-2026-03-07T044644.csv
49,RACE AND HISPANIC OR LATINO ORIGIN BY EDUCATIONAL ATTAINMENT,2,High school graduate or higher,10826367,71491,68.8,0.3,5383558,42563,66.9,0.4,5442809,46510,70.7,0.4,ACSST1Y2024.S1501-2026-03-07T044644.csv
50,RACE AND HISPANIC OR LATINO ORIGIN BY EDUCATIONAL ATTAINMENT,2,Bachelor's degree or higher,2704593,36409,17.2,0.2,1199682,19928,14.9,0.2,1504911,25799,19.6,0.3,ACSST1Y2024.S1501-2026-03-07T044644.csv
51,RACE AND HISPANIC OR LATINO ORIGIN BY EDUCATIONAL ATTAINMENT,1,Two or more races,25740857,117638,,,12707859,69394,,,13032998,63519,,,ACSST1Y2024.S1501-2026-03-07T044644.csv
52,RACE AND HISPANIC OR LATINO ORIGIN BY EDUCATIONAL ATTAINMENT,2,High school graduate or higher,21055610,118407,81.8,0.2,10236570,69739,80.6,0.3,10819040,63315,83.0,0.2,ACSST1Y2024.S1501-2026-03-07T044644.csv
53,RACE AND HISPANIC OR LATINO ORIGIN BY EDUCATIONAL ATTAINMENT,2,Bachelor's degree or higher,7523039,82593,29.2,0.3,3422189,49806,26.9,0.3,4100850,47017,31.5,0.3,ACSST1Y2024.S1501-2026-03-07T044644.csv
54,RACE AND HISPANIC OR LATINO ORIGIN BY EDUCATIONAL ATTAINMENT,1,Hispanic or Latino Origin,40532279,28628,,,20318684,17956,,,20213595,16047,,,ACSST1Y2024.S1501-2026-03-07T044644.csv
55,RACE AND HISPANIC OR LATINO ORIGIN BY EDUCATIONAL ATTAINMENT,2,High school graduate or higher,30030215,101752,74.1,0.2,14708584,60585,72.4,0.3,15321631,52234,75.8,0.2,ACSST1Y2024.S1501-2026-03-07T044644.csv
56,RACE AND HISPANIC OR LATINO ORIGIN BY EDUCATIONAL ATTAINMENT,2,Bachelor's degree or higher,8709635,81486,21.5,0.2,3888021,45870,19.1,0.2,4821614,49960,23.9,0.2,ACSST1Y2024.S1501-2026-03-07T044644.csv
58,POVERTY RATE FOR THE POPULATION 25 YEARS AND OVER FOR WHOM POVERTY STATUS IS DETERMINED BY EDUCATIONAL ATTAINMENT LEVEL,1,Less than high school graduate,,,24.0,0.2,,,20.7,0.2,,,27.7,0.3,ACSST1Y2024.S1501-2026-03-07T044644.csv
59,POVERTY RATE FOR THE POPULATION 25 YEARS AND OVER FOR WHOM POVERTY STATUS IS DETERMINED BY EDUCATIONAL ATTAINMENT LEVEL,1,High school graduate (includes equivalency),,,14.3,0.1,,,11.8,0.1,,,17.0,0.1,ACSST1Y2024.S1501-2026-03-07T044644.csv
60,POVERTY RATE FOR THE POPULATION 25 YEARS AND OVER FOR WHOM POVERTY STATUS IS DETERMINED BY EDUCATIONAL ATTAINMENT LEVEL,1,Some college or associate's degree,,,9.7,0.1,,,7.6,0.1,,,11.6,0.1,ACSST1Y2024.S1501-2026-03-07T044644.csv
61,POVERTY RATE FOR THE POPULATION 25 YEARS AND OVER FOR WHOM POVERTY STATUS IS DETERMINED BY EDUCATIONAL ATTAINMENT LEVEL,1,Bachelor's degree or higher,,,4.6,0.1,,,4.1,0.1,,,4.9,0.1,ACSST1Y2024.S1501-2026-03-07T044644.csv
63,MEDIAN EARNINGS IN THE PAST 12 MONTHS (IN 2024 INFLATION-ADJUSTED DOLLARS),1,Population 25 years and over with earnings,52582,157,,,61262,69,,,46391,104,,,ACSST1Y2024.S1501-2026-03-07T044644.csv
64,MEDIAN EARNINGS IN THE PAST 12 MONTHS (IN 2024 INFLATION-ADJUSTED DOLLARS),2,Less than high school graduate,32468,133,,,37779,340,,,25898,198,,,ACSST1Y2024.S1501-2026-03-07T044644.csv
65,MEDIAN EARNINGS IN THE PAST 12 MONTHS (IN 2024 INFLATION-ADJUSTED DOLLARS),2,High school graduate (includes equivalency),40684,78,,,47079,158,,,32318,93,,,ACSST1Y2024.S1501-2026-03-07T044644.csv
66,MEDIAN EARNINGS IN THE PAST 12 MONTHS (IN 2024 INFLATION-ADJUSTED DOLLARS),2,Some college or associate's degree,47953,199,,,57313,218,,,40492,83,,,ACSST1Y2024.S1501-2026-03-07T044644.csv
67,MEDIAN EARNINGS IN THE PAST 12 MONTHS (IN 2024 INFLATION-ADJUSTED DOLLARS),2,Bachelor's degree,70470,123,,,82617,591,,,60287,118,,,ACSST1Y2024.S1501-2026-03-07T044644.csv
68,MEDIAN EARNINGS IN THE PAST 12 MONTHS (IN 2024 INFLATION-ADJUSTED DOLLARS),2,Graduate or professional degree,90191,171,,,107498,877,,,77319,231,,,ACSST1Y2024.S1501-2026-03-07T044644.csv
